codigo,descricao_curta,Peso,altura,largura,comprimento,preco
1,BRINCO ARGOLA ABERTA GROSSA  BANHADO A OURO 18K - AR55,,,,,"79,90"
3,BRINCO 3 FIOS LARGOS BANHADO OURO 18K - AR355,,,,,"65,90"
4,BRINCO 3 FIOS LARGOS RODIO BRANCO - AR355,,,,,"54,90"
5,BRINCO C 3 FIOS FINO BANHADO OURO 18K - BR2037,,,,,"79,90"
6,BRINCO 3 FIOS FINO RODIO BRANCO - BR2037,,,,,"75,90"
7,BRINCO ARG FRONTAL TRAB C PEDRA BANH OURO 18K - B01869,,,,,"75,90"
8,BRINCO ARG FRONTAL TRAB C PEDRA RODIO BRANCO - B01869,,,,,"72,90"
9,BRINCO ARG FRONTAL GD C ZIRC BANHADO OURO 18K - BN0512,,,,,"129,00"
10,BRINCO ARGOLA FRONTAL GD ZIRC RODIO BRANCO - BN0512,,,,,"125,00"
11,BRINCO PRESSAO C PEROLA BANH OURO 18K - BC394,,,,,"95,00"
12,BRINCO PRESSAO C PEROLA RODIO BRANCO - BC394,,,,,"89,90"
13,BRINCO ARG FRONTAL TORCIDA PEQ BANH OURO 18K - B02014,,,,,"69,90"
14,BRINCO ARG FRONTAL TORCIDA PEQ RODIO BRANCO - B02014,,,,,"65,90"
15,BRINCO CORACAO GD LISO BANH OURO 18K - TK514,,,,,"145,00"
16,BRINCP CORACAO GD LISO RODIO BRANCO - TK514,,,,,"132,90"
19,BRINCO GRANDE C PEROLAS BANH OURO 18K - BA867,,,,,"109,90"
20,BRINCO GD C PEROLAS RODIO BRANCO - BA867,,,,,"99,00"
21,BRINCO CORACAO CHEIO GD BANH OURO 18K - TK707,,,,,"109,90"
22,BRINCO CORACAO CHEIO GD RODIO BRANCO - TK707,,,,,"92,50"
23,BRINCO ARG COM CAVALO BANH OURO 18K - AR312,,,,,"79,90"
24,BRINCO ARG COM CAVALO RODIO BRANCO - AR312,,,,,"75,90"
25,BRINCO ARG ABERTA C ZIRCONIAS BANH OURO 18K - BR08674,,,,,"115,90"
26,BRINCO ARG ABERTA C ZIRCONIAS RODIO BRANCO - BR08674,,,,,"105,90"
27,BRINCO EAR CUFF PEROLAS BANH OURO 18K - 0111299,,,,,"95,00"
28,BRINCO FESTA COM PEDRARIAS BANH OURO 18K - BR6551,,,,,"95,50"
29,BRINCO FESTA COM PEDRARIAS RODIO BRANCO - BR6551,,,,,"85,90"
30,BRINCO GOTA COM ESFERA BANH OURO 18K - BRS1811,,,,,"119,90"
31,BRINCO GOTA COM ESFERA RODIO BRANCO - BRS1811,,,,,"105,90"
32,PIERCING FAKE 4 FIOS BANH OURO 18K - P2,,,,,"25,00"
33,PIERCING FAKE 4 FIOS RODIO BRANCO - P2,,,,,"21,90"
34,BRINCO MEIA ARG CRAVEJADO ZIRC RODIO BRANCO - BF014,,,,,"87,90"
35,PIERCING FAKE 2 FIOS LARGOS BANH OURO 18K - P1,,,,,"23,90"
36,PIERCING FAKE 2 FIOS LARGOS RODIO BRANCO - P1,,,,,"20,90"
37,BRINCO DE PRESSAO C ZIRCONIA BANH OURO 18K - BC842,,,,,"109,90"
38,BRINCO DE PRESSAO C ZIRCONIA RODIO BRANCO - BC842,,,,,"99,00"
39,BRINCO ARGOLA MEDIA TRABALHADA BANH OURO 18K - B01499,,,,,"59,90"
40,BRINCO ARGOLA MEDIA TRABALHADA RODIO BRANCO - B01499,,,,,"54,90"
41,PIERCING FAKE GROSSO BANH OURO 18K - P6,,,,,"27,90"
42,PIERCING FAKE GROSSO RODIO BRANCO - P6,,,,,"25,90"
43,BRINCO ARG FRONTAL PEQ C PEDRA BANH OURO 18K - B02008,,,,,"79,90"
44,BRINCO ARG FRONTAL PEQ C PEDRA RODIO BRANCO - B02008,,,,,"72,90"
45,BRINCO ARG MEDIA FOSCA LARGA BANH OURO 18K - ART120,,,,,"95,00"
46,BRINCO ARG MEDIA FOSCA LARGA RODIO BRANCO - ART120,,,,,"85,90"
47,BRINCO BLOGUEIRA  BANHADO OURO 18K - BF008,,,,,"89,90"
48,BRINCO BLOGUEIRA RODIO BRANCO - BF008,,,,,"84,90"
51,BRINCO ARGOLINHA GROSSA CLICK BANH OURO 18K - BRS154,,,,,"79,90"
52,BRINCO ARGOLINHA GROSSA CLICK RODIO BRANCO - BRS154,,,,,"69,90"
53,BRINCO ARGOLINHA C ESTRELA C ZIRC BANH OURO 18K - BRP011,,,,,"97,50"
54,BRINCO ARGOLINHA C ESTRELA C ZIRC RODIO BRANCO - BRP011,,,,,"85,90"
55,BRINCO C ESFERAS  PEROLAS BANH OURO 18K - EB951,,,,,"67,50"
56,BRINCO C ESFERAS PEROLAS RODIO BRANCO - EB951,,,,,"59,90"
57,BRINCO ARGOLA ABERTA GROSSA PP BANH OURO 18K - B385,,,,,"74,90"
58,BRINCO ARGOLA ABERTA GROSSA PP RODIO BRANCO - B385,,,,,"65,90"
59,BRINCO ARGOLA PREGO C PEDRAS BANH OURO 18K - BZ634,,,,,"89,90"
60,BRINCO ARGOLA PREGO  C PEDRAS RODIO BRANCO - BZ634,,,,,"82,90"
61,BRINCO ARG QUADRADA C PEROLA BANH OURO 18K - BC996,,,,,"67,90"
62,BRINCO ARG QUADRADA C PEROLA RODIO BRANCO - BC996,,,,,"59,90"
63,BRINCO ARGOLA LARGA TORCIDA  GD BANH OURO18K - B02220,,,,,"169,90"
64,BRINCO ARGOLA LARGA TORCIDA GD RODIO BRANCO - B02220,,,,,"154,90"
67,BRINCO ARGOLA MED FINA TRANCADA LISA E TRAB BANH OURO 18K - B02268,,,,,"99,00"
68,BRINCO ARGOLA MED FINA TRANCADA LISA E TRAB RODIO BRANCO - B02268,,,,,"89,00"
69,BRINCO ARGOLA TRANCADA MED MODINHA BANH OURO 18K - B02155,,,,,"95,00"
70,BRINCO ARGOLA TRANCADA MED MODINHA RODIO BRANCO - B02155,,,,,"89,90"
73,BRINCO ARGOLA LISA TORCIDA MED BANH OURO 18K - B01850,,,,,"115,90"
74,BRINCO ARGOLA LISA TORCIDA MED RODIO BRANCO - B01850,,,,,"105,90"
75,BRINCO ARGOLA OVAL PONTILHADO BANH OURO 18K - BRC1942,,,,,"98,00"
76,BRINCO ARGOLA OVAL PONTILHADO RODIO BRANCO - BRC1942,,,,,"89,00"
77,BRINCO ARGOLA GROSSA CLICK BANH OURO 18K - BRC1952,,,,,"99,00"
78,BRINCO ARGOLA GROSSA CLICK RODIO BRANCO - BRC1952,,,,,"87,90"
79,BRINCO ARGOLA GRANDE C PEROLAS BANH OURO 18K - BC67A,,,,,"83,90"
80,BRINCO ARGOLA GRANDE C PEROLAS RODIO BRANCO - BC67A,,,,,"75,90"
81,BRINCO ARGOLA MED LARGA ABERTA BANH OURO 18K - C01113,,,,,"75,90"
82,BRINCO ARGOLA MED LARGA ABERTA RODIO BRANCO - C01113,,,,,"65,90"
83,BRINCO ARGOLA PEQ TREVINHOS BANH OURO 18K - SBR2339,,,,,"99,00"
84,BRINCO ARGOLA PEQ TREVINHOS RODIO BRANCO - SBR2339,,,,,"85,90"
85,BRINCO ARGOLA FIOS CARACOL TORCIDOS BANH OURO 18K - B02094,,,,,"139,90"
86,BRINCO ARGOLA FIOS CARACOL TORCIDOS RODIO BRANCO - B02094,,,,,"119,90"
87,BRINCO ARGOLA DUPLA LISA LARGA BANH OURO 18K - C01523,,,,,"129,90"
88,BRINCO ARGOLA DUPLA LARGA RODIO BRANCO - C01523,,,,,"115,90"
89,BRINCO ARGOLA ABERTA LARGA MED BANH OURO 18K - C01518,,,,,"69,90"
90,BRINCO ARGOLA ABERTA LARGA MED RODIO BRANCO - C01518,,,,,"59,90"
91,BRINCO ARGOLA MEDIA LISA ABERTA BANH OURO 18K - B0092,,,,,"85,90"
92,BRINCO ARGOLA MEDIA LISA ABERTA RODIO BRANCO - B0092,,,,,"75,90"
93,BRINCO ARGOLA FOSCA MEDIA FINA BANH OURO 18K - C01382,,,,,"99,00"
94,BRINCO ARGOLA FOSCA MEDIA FINA RODIO BRANCO - C01382,,,,,"89,00"
95,BRINCO ARGOLA FIO TORTO BANH OURO 18K - B02217,,,,,"54,90"
96,BRINCO ARGOLA FIO TORTO RODIO BRANCO - B02217,,,,,"49,90"
97,BRINCO ARGOLA GEOMETRICA LUXO BANH OURO 18K - B02282,,,,,"115,00"
98,BRINCO ARGOLA GEOMETRICA LUXO RODIO BRANCO - B02282,,,,,"99,00"
99,BRINCO NÓ JOINHA PEQUENO BANHADO OURO 18K - 2510002,,,,,"109,90"
100,BRINCO NÓ JOINHA PEQUENO RODIO BRANCO - 2510002,,,,,"99,00"
101,PIERCING FAKE CORRENTARIA BANHO OURO 18K -B01917,,,,,"31,90"
102,PIERCING FAKE CORRENTARIA RODIO BRANCO - B01917,,,,,"27,90"
104,PIERCING FAKE TORCIDO RODIO BRANCO - B01992,,,,,"29,90"
105,PIERCING FAKE FIO DUPLO TRAB BANH OURO 18K - SBR2300,,,,,"59,90"
106,PIERCING FAKE FIO DUPLO TRAB RODIO BRANCO - SBR2300,,,,,"53,90"
107,PIERCING FAKE COM ELOS MEIO BANH OURO 18K - SBR2257,,,,,"59,90"
118,CONJUNTO COLAR E BRINCO CORACAO C PEDRARIAS BANH OURO 18K - CJ09,,,,,"159,90"
120,CONJUNTO COLAR E BRINCO CORACAO VAZADO C PEDRA BANH OURO 18K -CJ57,,,,,"145,90"
121,CONJUNTO COLAR E BRINCO CORACAO VAZADO C PEDRA RODIO BRANCO - CJ57,,,,,"119,90"
122,CONJUNTO COLAR E BRINCO CORACAO CHEIO BANH OURO 18K - CJ53,,,,,"119,90"
123,CONJUNTO COLAR E BRINCO CORACAO CHEIO RODIO BRANCO - CJ53,,,,,"99,00"
124,TRIO BRINCOS CORACAO VAZADO BANH OURO 18K - BA635,,,,,"49,90"
126,TRIO BRINCOS CORACAO CHEIO BANHADO OURO 18K - BA643,,,,,"54,90"
130,BRINCO PET PATINHA FECHADA C PEDRA BANH OURO  - BR1062,,,,,"32,90"
131,BRINCO PET PATINHA FECHADA RODIO BRANCO - BR1062,,,,,"28,90"
132,BRINCO PET CORACAO C PATINHA BANH OURO 18K - BR1062,,,,,"32,90"
133,BRINCO PET CORACAO C PATINHA RODIO BRANCO - BR1062,,,,,"28,90"
134,BRINCO PET GATINHO BANHADO OURO 18K - BR1062,,,,,"32,90"
135,BRINCO PET GATINHO BANHADO RODIO BRANCO - BR1062,,,,,"28,90"
136,BRINCO PET CACHORRO C PEDRA BANH OURO 18K - BR1062,,,,,"32,90"
137,BRINCO PET CACHORRO C PEDRA RODIO BRANCO - BR1052,,,,,"28,90"
153,PULSEIRA CONCHINHAS RODIO BRANCO - PL00927,,,,,"49,90"
154,PULSEIRA ELOS COM CORACOES VAZADO BANHO OURO 18K - PL1318,,,,,"75,90"
155,PULSEIRA ELOS COM CORACOES VAZADO RODIO BRANCO - PL1318,,,,,"62,90"
156,PULSEIRA CORACAO CHEIO TRABALHADO BANH OURO 18K - PL04740,,,,,"85,90"
159,PULSEIRA CORACAO VAZADO MED RODIO BRANCO - PL02288,,,,,"62,90"
161,PULSEIRA TREVOS C ZIRCONIAS PRETA RODIO BRANCO - PL04843,,,,,"79,90"
162,PULSEIRA ESCAMAS TRABALHADA BANH OURO 18K - PL04875,,,,,"96,00"
164,PULSEIRA TREVO ZIRCONIA CRISTAL BANH OURO 18K - PL04815,,,,,"79,90"
165,PULSEIRA TREVO ZIRCONIA CRISTAL RODIO BRANCO,,,,,"65,90"
166,PULSEIRA PINGENTES COUNTRY BANH OURO 18K - PUL133E,,,,,"149,90"
168,PULSEIRA ELOS FINOS TRABALHADO GRANDE BANH OURO 18K - PL04332,,,,,"99,00"
170,PULSEIRA ELOS GD LARGOS BANH OURO 18K - PL04126,,,,,"95,50"
173,PULSEIRA COM BOLAS E PEDRARIAS RODIO BRANCO - PLZ425,,,,,"67,90"
174,PULSEIRA COM 3 CORACOES VAZADO BANH OURO 18K - PL02699,,,,,"69,90"
188,GARGANTILHA ARO FORMATO V BANH OURO 18K - 0130062,,,,,"155,90"
189,GARGANTILHA ARO FORMATO V RODIO BRANCO - 0130062,,,,,"139,90"
190,COLAR PEROLAS E TUBO BANH OURO 18K - CL4264,,,,,"169,90"
191,PULSEIRA PEROLAS E TUBO BANH OURO 18K - PL4258,,,,,"109,90"
193,PULSEIRA INF COM 3 PING CORACAO BANH OURO 18K - PL02699,,,,,"45,90"
194,PULSEIRA INF COM 3 PING CORACAO RODIO BRANCO - PL02699,,,,,"36,90"
195,PULSEIRA INF ELOS PEQ E PEROLAS BANH OURO 18K - PL03478,,,,,"45,90"
196,PULSEIRA INF ELOS PEQ E PEROLAS RODIO BRANCO - PL03478,,,,,"37,90"
198,PULSEIRA INF ELOS MED E PEROLAS RODIO BRANCO - PL1058,,,,,"47,90"
199,PULSEIRA INF ESFERAS MED BANH OURO 18K - PL1036,,,,,"59,90"
201,PULSEIRA INF CORACAO VAZADO E PEDRAS BANH OURO 18K - PL1059,,,,,"79,90"
203,PULSEIRA INF COM CORACOES COLORIDOS BANH OURO 18K - PL1056,,,,,"69,90"
204,PULSEIRA INF COM CORACOES COLORIDOS RODIO BRANCO - PL1056,,,,,"59,90"
205,PULSEIRA INF ESTRELAS COL E PEDRAS BANH OURO 18K - PL1056,,,,,"59,90"
206,PULSEIRA INF ESTRELAS COL E PEDRAS RODIO BRANCO - PL1056,,,,,"49,90"
207,PULSEIRA INF PATINHAS E PEDRAS BANH OURO 18K - PL02420,,,,,"49,90"
208,PULSEIRA INF PATINHAS E PEDRAS RODIO BRANCO - PL02420,,,,,"39,90"
209,PULSEIRA INF CORACAO E PEROLAS BANH OURO 18K - PL0867,,,,,"79,90"
212,PULSEIRA INF VENEZIANA C ESFERAS RODIO BRANCO - PL021657,,,,,"37,90"
213,PULSEIRA INF COM CORACOES C ZIRCONIA BANH OURO 18K - PL03110,,,,,"64,90"
215,PULSEIRA INF CORACAO VAZADO C CORACAO ZIRC BANH OURO 18K- PL03148,,,,,"59,90"
217,CHOKER COM PEDRAS CRISTAIS BANHO OURO 18K - CKN00275,,,,,"169,00"
219,CHOKER ELOS TRAB COM PING PEDRAS CRISTAL BANH OURO 18K- CK0607,,,,,"109,90"
220,CHOKER ELOS TRAB COM PING PEDRAS CRISTAL RODIO BRANCO- CK0607,,,,,"89,90"
222,CHOKER ESCAMA DE PEIXE LISA BANH OURO 18K - CK1526,,,,,"189,90"
223,CHOKER GRAVATINHA COM 2 CORACOES NA PONTA RODIO BRANCO - CK1152,,,,,"89,90"
224,CHOKER ESCAMA DE PEIXE LISA RODIO BRANCO - CK1526,,,,,"169,90"
225,CHOKER ESCAMA PEIXE TRABALHADA BANH OURO 18K - CKN00229,,,,,"189,90"
226,CHOKER ESCAMA PEIXE TRABALHADA RODIO BRANCO - CKN00229,,,,,"154,90"
227,CHOKER GRAVATINHA LUXO BANHO OURO 18K - CKN0321,,,,,"139,90"
229,CHOKER ELOS ACHATADOS DIAMANTADO BANH OURO 18K - CK0606,,,,,"124,90"
231,CHOKER ELOS OVAL VAZADO BANHO OURO 18K - CK0400,,,,,"119,00"
233,CORACAO VAZADO FIO TRABALHADO BANH OURO 18K - CK1494,,,,,"149,00"
235,CHOKER CORACAO LISO VAZADO BANH OURO 18K - CK0246,,,,,"89,90"
237,CKOKER CIRCULOS DIAMANTADOS BANH OURO 18K - CK0470,,,,,"149,00"
239,GARGANTILHA DUPLA COM PEROLAS E ESFERAS BANH OURO 18K - CC735,,,,,"169,00"
243,CHOKER 60CM COM ESFERAS RODIO BRANCO - CC617A,,,,,"125,90"
244,CHOKER 40 CM COM ESFERAS BANH OURO 18K - CC617B,,,,,"115,90"
246,CHOKER CORRENTARIA COM PING PEDRAS BANH OURO 18K - CK00625,,,,,"112,90"
247,CHOKER CORRENTARIA COM PING PEDRAS RODIO BRANCO - CK00635,,,,,"89,90"
249,CHOKER LUXO COM PEROLAS RODIO BRANCO - K801,,,,,"149,90"
250,CHOKER LUXO COM PEDRARIAS BOLA BANH OURO 18K - GZ466,,,,,"119,90"
251,CHOKER LUXO COM PEDRARIAS BOLA RODIO BRANCO - GZ466,,,,,"99,00"
253,CHOKER RIVIERA PEDRAS NAVETE ZIRCONIA RODIO BRANCO- K758,,,,,"179,90"
254,PULSEIRA RIVIERA PEDRAS NAVETE BANH OURO 18K - PL513,,,,,"129,00"
255,PULSEIRA RIVIERA PEDRAS NAVETE RODIO BRANCO - PL513,,,,,"105,90"
256,GARGANTILHA COM CORACAO CRAVEJADO BANH OURO 18K - DZ1526,,,,,"129,00"
257,GARGANTILHA COM CORACAO CRAVEJADO RODIO BRANCO - DZ1526,,,,,"105,90"
258,GARGANTILHA FILHO MULTICOR BANH OURO 18K - DZ8027,,,,,"149,00"
260,GARGANTILHA FILHO MULTICOR RODIO BRANCO - DZ8027,,,,,"125,90"
261,GARGANTILHA FILHA MULTICOR RODIO BRANCO - DZ8027,,,,,"125,90"
262,PING COUNTRY CAVALO CRAV BANH OURO 18K - P1661,,,,,"69,90"
263,GARGANTILHA C PINGENTE COUNTRY CAVALO BANH OURO 18K- CL2150 P1661,,,,,"149,90"
264,GARGANTILHA C PINGENTE FE CRAVEJADO RODIO BRANCO - CL2150,,,,,"129,90"
265,GARGANTILHA C PING CAVALO ZIRC CRAVEJADA BANH OURO 18K - P1661,,,,,"129,90"
266,PINGENTE CAVALO ZIRC CRAVEJADA BANH OURO 18K - P16194B,,,,,"59,90"
267,GARGANTILHA C PING ARVORE DA VIDA LISA BANH RODIO BRANCO- P2520,,,,,"79,90"
268,PINGENTE ARVORE DA VIDA LISO BANH OURO 18K - 2520,,,,,"45,00"
269,GARGANTILHA C PINGENTE PET CACHORRO BANH OURO 18K - 01203,,,,,"99,00"
271,PINGENTE PET CACHORRO BANH OURO 18K - 01203,,,,,"39,90"
273,GARGANTILHA C PING FERRADURA CRAVEJADA RODIO BRANCO -2520,,,,,"89,90"
275,PINGENTE FERRADURA CRAVEJADA RODIO BRANCO - 2520,,,,,"45,90"
276,GARGANTILHA C PINGENTE FE CRAVEJADO BANH OURO 18K - 2520,,,,,"134,90"
277,PINGENTE FE CRAVEJADO BANH OURO 18K - 25201,,,,,"75,90"
279,PING MENINO C ZIRCONIA CRAV RODIO BRANCO - 50200455,,,,,"18,90"
281,PING MENINA C ZIRCONIA CRAV RODIO BRANCO - 50200454,,,,,"18,90"
282,CANGA 5 FILHOS BANH OURO 18K - 0220072,,,,,"35,00"
284,CANGA 2 FILHOS BANH OURO 18K - 0220071,,,,,"31,00"
290,TORNOZELEIRA DUPLA C CORACAO VAZADO BANH OURO 18K - TR756,,,,,"79,90"
292,TORNOZELEIRA CORACAO VAZADO MINI BANH OURO 18K - T97,,,,,"45,90"
293,TORNOZELEIRA CORACAO VAZADO MINI RODIO BRANCO - T97,,,,,"39,90"
294,TORNOZELEIRA CORACAO VAZADO E PEDRAS BANH OURO - T172,,,,,"75,90"
296,TORNOZELEIRA COM PING CORACAO CRISTAL BANH OURO 18K- T123,,,,,"67,90"
297,TORNOZELEIRA COM PING CORACAO CRISTAL RODIO BRANCO - T123,,,,,"55,90"
299,TORNOZELEIRA INDIANA RODIO BRANCO - T155,,,,,"79,90"
300,TORNOZELEIRA CORACAO CHEIO BANH OURO 18K - T186,,,,,"115,90"
301,TORNOZELEIRA CORACAO CHEIO RODIO BRANCO - T186,,,,,"89,90"
302,TORNOZELEIRA ESFERAS SORTIDAS BANH OURO 18K - T86,,,,,"69,90"
303,TORNOZELEIRA ESFERAS SORTIDAS RODIO BRANCO - T86,,,,,"62,90"
304,TORNOZELEIRA ESFERAS MED BANH OURO 18K - T181,,,,,"65,90"
305,TORNOZELEIRA ESFERAS MED RODIO BRANCO - T181,,,,,"52,90"
307,TORNOZELEIRA MOEDAS E PEDRAS RODIO BRANCO - T88,,,,,"55,90"
308,TORNOZELEIRA TORCIDA C MINI ESFERAS BANH OURO 18K - TR00775,,,,,"65,90"
309,TORNEZELEIRA TORCIDA C MINI ESFERAS RODIO BRANCO - TR00775,,,,,"54,90"
310,TORNOZELEIRA TORCIDA COM PEDRA MED CRISTAL BANH OURO 18K - TR00088,,,,,"59,90"
311,TORNOZELEIRA TORCIDA COM PEDRA MED CRISTAL RODIO BRANCO -TR00085,,,,,"54,90"
312,TORNOZELEIRA C CORACAO VAZADO N MEIO BANH OURO 18K - TR0565,,,,,"63,90"
313,TORNOZELEIRA C CORACAO VAZADO N MEIO RODIO BRANCO - TR0565,,,,,"54,90"
314,TORNOZELEIRA CORACAO VAZ MED C COR CRISTAL BANH OURO 18K - TR655,,,,,"75,90"
315,TORNOZELEIRA CORACAO VAZ MEDIO COR CRISTAL RODIO BRANCO - TR655,,,,,"64,90"
316,TORNOZELEIRA CORACAO VAZADO C PINGENTE COR BANH OURO 18K -TR0473,,,,,"73,90"
317,TORNOZELEIRA CORACAO VAZADO C PINGENTE COR RODIO BRANCO - TR0473,,,,,"62,90"
318,TORNOZELEIRA CORRENTARIA BANH OURO 18K - TR00631,,,,,"95,00"
319,TORNOZELEIRA CORRENTARIA RODIO BRANCO - TR00631,,,,,"75,90"
320,TORNOZELEIRA DUPLA MALHA E CORR BANH OURO 18K - TR761,,,,,"110,00"
321,TORNOZELEIRA DUPLA MALHA E CORR RODIO BRANCO - TR751,,,,,"95,00"
322,TORNOZELEIRA PINGENTES LUA CORACAO E ESTRELA BANH OURO 18K- T122,,,,,"95,00"
323,TORNOZELEIRA PINGENTES LUA CORACAO E ESTRELA RODIO BRANCO - T122,,,,,"79,90"
324,BRINCO ARGOLA LARGA RETA PEQ BANH OURO 18K - BC1030,,,,,"67,90"
325,BRINCO 3 ARGOLAS TORTA DIAMANTADA BANH OURO 18K - B02117,,,,,"89,90"
326,BRINCO GOTA MEDIA BANHADO OURO - BR1078,,,,,"25,90"
327,BRINCO LUXO MODINHA TRABALHADO BANH OURO 18K - BR08691,,,,,"72,90"
328,BRINCO ARGOLA FINA ABERTA PEQ BANH OURO - B0185,,,,,"42,90"
329,BRINCO PEROLA GG BANH OURO 18K - BR2141,,,,,"26,90"
330,BRINCO ANZOL BOLA MEDIA BANH OURO 18K - BS785,,,,,"58,90"
331,BRINCO ARGOLA C PEROLA MD BANH OURO 18K - 9910033,,,,,"49,90"
332,BRINCO CORACAO VAZADO DUPLO BANH OURO - GFBR483,,,,,"52,90"
333,TRIO BRINCO ARGOLA ABERTA BANH OURO 18K - B205,,,,,"74,90"
334,BRINCO ARGOLA TORCIDA  BANH OURO 18K - B02181,,,,,"49,90"
335,BRINCO ARGOLA TRABALHADA ABERTA MEDIA BANH OURO 18K - B0149,,,,,"48,90"
336,BRINCO ESFERAS DUPLA BANH OURO 18K - BA165,,,,,"69,50"
337,BRINCO ARGOLA RETANGULAR ABERTA BANH OURO 18K - BR738,,,,,"69,90"
338,BRINCO 2 FIOS TORCIDOS BANH OURO 18K - BR01958,,,,,"74,90"
339,BRINCO ARGOLINHA C PEDRA REDONDA BANH OURO 18K - BR5320,,,,,"49,90"
340,BRINCO ANZOL COM ESFERA PQ BANH OURO 18K - BS7076,,,,,"42,90"
341,BRINCO CORACAO GG TRABALHADO BANH OURO 18K - BR7913,,,,,"89,90"
342,BRINCO ANZOL QUADRADO ZIRCONIA BANH OURO 18K - BA718,,,,,"79,90"
343,BRINCO MARTELADO QUADRADO BANH OURO 18K - BC939,,,,,"54,90"
344,BRINCO GOTA CRAVEJADA LUXO BANH OURO 18K - BZ612,,,,,"99,00"
345,BRINCO EAR CUFF ESTRELAS BANH OURO 18K - BR36,,,,,"52,90"
346,BRINCO ARGOLA FINA CLIC BANH OURO 18K - B00326,,,,,"42,90"
347,BRINCO PEROLA PEQUENO BANH OURO 18K - BR2143,,,,,"12,90"
348,BRINCO ANZOL COM ZIRCONIA REDONDA BANH OURO 18K - BZ28,,,,,"84,90"
352,BRINCO ARGOLINHA C ZIRCONIA TRIANGULO BANH OURO - 12695,,,,,"49,90"
353,BRINCO GOTA PEROLA LUXO GD BANH OURO 18K - BR08432,,,,,"119,90"
354,BRINCO GOTA C PEDRA LUXO BANH OURO 18K - BR08432,,,,,"119,90"
355,BRINCO ARGOLA TUBO CLICK BANH OURO 18K - T00037,,,,,"59,90"
356,BRINCO ARGOLA MEDIA GROSSA BANH OURO 18K - 12720,,,,,"54,90"
357,BRINCO ARGOLA TUBO GROSSA N14 BANH OURO 18K - B02022,,,,,"48,90"
358,BRINCO TREVO DOURADO E TREVO CRISTAL BANH OURO 18K - BR08670,,,,,"85,90"
360,TRIO BRINCO ARGOLA LARGA TRABALHADA BANH OURO 18K - 12220,,,,,"149,90"
361,BRINCO ARGOLA LARGA TRABALHADA ABERTA BANH OURO 18K - BR08520,,,,,"84,90"
362,CONJUNTO BRINCO ARGOLA LISA BANH OURO 18K - BRS236,,,,,"72,90"
364,BRINCO ARGOLA CORACAO ABERTO BANHO OURO 18K - BR07772,,,,,"62,90"
365,CONJUNTO ARGOLA LARGA BANH OURO 18K - EB799,,,,,"79,90"
367,BRINCO FE BANHADO OURO 18K - BR4350,,,,,"28,90"
369,CONJ COLAR E BRINCO CORACAO CRAVEJADO BANH OURO 18K - CJ0054,,,,,"145,90"
370,GARGANTILHA 3 FILHOS BANH OURO 18K - L1277,,,,,"119,90"
371,CONJUNTO C PEDRA QUADRADA BANH OURO 18K - CZ16,,,,,"129,90"
372,CONJUNTO COLAR E BRINCO PEDRA OVAL - CZ80,,,,,"109,90"
373,GARGANTILHA C PING ARVORE D VIDA CRAVEJ BANH OURO 18K - CL20024,,,,,"89,90"
374,CONJUNTO COLAR E BRINCO AMETISTA BANH OURO 18K - 12775,,,,,"179,00"
375,TRIO DE BRINCOS RETANGULAR BANH OURO 18K - EB866,,,,,"95,00"
376,BRINCO EAR CUFF CORACAO CRAQUELADO BANH OURO 18K - BR30,,,,,"89,00"
377,CONJUNTO COLAR E BRINCO C ZIRCONIAS BANH OURO 18K - GF8853,,,,,"169,90"
378,TRIO BRINCOS COLORIDOS BANH OURO 18K - TQ37,,,,,"52,90"
380,CHOKER CARTIE BANHADA OURO 18K - CARTLD16,,,,,"269,00"
381,BRINCO EAR CUFF CORACAO VAZADO BANH OURO 18K - BR49,,,,,"52,90"
383,BRINCO GOTA VAZADA COM PEROLA BANH OURO - BC854,,,,,"48,50"
384,BRINCO QUADRADO GROSSO ABERTO BANH OURO 18K - BR630,,,,,"79,90"
387,BRINCO GOTA RETA C STRASS BANH OURO 18K - BZ588,,,,,"114,90"
388,BRINCO GOTA TORTA BANH OURO 18K - BZ585,,,,,"114,90"
389,BRINCO ARGOLA TRIPLA BANHADO OURO 18K - BO2114,,,,,"132,90"
391,BRINCO ARGOLA DUPLA DIAMANTADA BANH OURO 18K - BO2215,,,,,"67,90"
392,BRINCO PEDRAS FESTA BANH OURO 18K - BR1835,,,,,"57,90"
396,BRINCO ARGOLA ABERTA FIO TORCIDO GRANDE - BR17,,,,,"54,90"
397,BRINCO ESFERA GRANDE BANH OURO 18K - 01103,,,,,"59,90"
399,GARGANTILHA PONTO LUZ MEDIA BANH OURO 18K - CD1095,,,,,"75,90"
402,COLAR DUPLO CORACAO  BANHADO OURO - KI144,,,,,"134,90"
403,GARGANTILHA CORDAO BAIANO BANH OURO - L360,,,,,"249,00"
404,CHOKER ELOS OVAL BANHADO OURO - GF8809,,,,,"159,00"
405,COLAR COM 2 FILHOS BANHADO OURO 18K - L1277,,,,,"99,00"
406,GARGANTILHA FILHOS CHAPINHA BANH OURO 18K - 12811,,,,,"95,90"
408,COLAR TRIPLO COM CORACAO BANH OURO - GR1053,,,,,"179,00"
409,COLAR GRAVATINHA  COM PEDRAS CRISTAL BANH OURO 18K - GF7617,,,,,"135,90"
413,CHOKER  ELOS DUPLOS BANH OURO 18K - GFC42,,,,,"189,90"
414,CHOKER PEROLAS E ESFERAS BANH OURO 18K - CKN0204,,,,,"119,90"
415,GARGANTINHA C PEDRA CRISTAL QUADRADA BANH OURO 18K - CL02072,,,,,"72,90"
416,GARGANTILHA PEROLAS GD BANH OURO 18K - CL02035,,,,,"99,90"
417,GARGANTILHA TREVOS BANHADO OURO 18K - CLO2084,,,,,"89,90"
418,COLAR COM 1 FILHO BANHADO OURO 18K - 12808,,,,,"89,90"
421,PULSEIRA TREVO VAZADO BANH OURO 18K - PL4604,,,,,"85,90"
422,PULSEIRA RIVIERA CRISTAL BANH OURO 18K - AGF727,,,,,"139,90"
423,CONJUNTO INFANTIL ESFERAS PEQUENA BANHO OURO 18K - 12245,,,,,"82,90"
424,CONJUNTO COLAR E BRINCO PONTO LUZ GD BANH OURO 18K - CJ0031,,,,,"139,90"
425,CONJUNTO INFANTIL CORUJA BANH OURO 18K - GF5261,,,,,"129,90"
429,ANEL CRAVEJADO LUXO BANH OURO 18K - AGF991,,,,,"139,90"
430,ANEL SOLITARIO COM ZIRCONIA BANH OURO 18K - ANP211,,,,,"89,00"
431,ANEL PEDRA RETANGULAR C MICRO ZIRC BANHO OURO 18K - AGF560,,,,,"82,90"
432,ANEL VAZADO OVAL BANH OURO 18K - AGF1082,,,,,"65,90"
434,ANEL ESTRELAS CRAVEJADO BANH OURO 18K - AGF727,,,,,"87,90"
436,ANEL COM LACO ZIRCONIA BANH OURO 18K - AGF669,,,,,"95,00"
437,ANEL CRAVEJADO FRENTE DUPLA BANH OURO 18K - AGF996,,,,,"89,00"
438,ANEL FINO COM GOTA BANH OURO 18K - 12651,,,,,"67,90"
439,ANEL CRAVEJADO BANH OURO 18K - AGF873,,,,,"87,90"
440,ANEL COM GOTA CRAVEJADA BANH OURO 18K - AGF827,,,,,"75,90"
441,ANEL COM MICRO ZIRC E PEDRA CRISTAL BANH OURO 18K - AGF1046,,,,,"89,90"
445,ANEL VERSATIL CRAVEJADO LUXO BANH OURO 18K - AGF1017,,,,,"139,90"
446,ANEL ELOS C PEDRA 6MM BANH OURO 18K - AGF980,,,,,"89,90"
447,ANEL CHUVEIRINHO CRAVEJADO BANH OURO 18K - AGF812,,,,,"79,90"
452,ANEL CORACAO C PEDRA BAGUETE BANH OURO 18K - AGF821,,,,,"89,90"
453,ANEL FINO C ZIRCONIA E PEDRA RED BANH OURO 18K - AGF499,,,,,"72,90"
456,ANEL BORBOLETA CRAVEJADO BANH OURO 18K - AGF856,,,,,"74,90"
458,ANEL ARVORE DA VIDA C ZIRCONIA BANH OURO 18K - AGF905,,,,,"75,90"
459,ANEL QUADRADO LISO GROSSO BANH OURO 18K - 2540059,,,,,"109,90"
460,ANEL QUADRADO LIS GROSSO RODIO BRANCO - 2540059,,,,,"89,90"
461,ANEL QUADRADO ABAULADO LISO BANH OURO 18K - 2544199,,,,,"89,90"
462,ANEL QUADRADO ABAULADO LISO RODIO BRANCO - 2544199,,,,,"75,90"
463,ANEL FRENTE QUAD C ZIRCONIAS BANH OURO 18L - 2544198,,,,,"79,90"
464,ANEL FRENTE QUAD C ZIRC RODIO BRANCO - 2544198,,,,,"69,90"
465,ANEL QUADRADO FINO BANH OURO 18K - SAN0296,,,,,"79,90"
466,ANEL QUADRADO FINO RODIO BRANCO - SAN0296,,,,,"69,90"
467,ANEL GROSSO FRENTE QUAD LISA BANH OURO 18K - SAN2289,,,,,"89,90"
468,ANEL GROSSO FRENTE QUAD LISA RODIO BRANCO - SAN 2289,,,,,"75,90"
469,ANEL QUADRADO C PEDRA CRAVEJADA BANH OURO - ANP101,,,,,"94,50"
470,ANEL QUADRADO C PEDRA CRAVEJADA RODIO BRANCO - SAN2289,,,,,"79,90"
471,ANEL COM ZIRC CRAVEJADA BANH OURO 18K - AN00152,,,,,"79,90"
472,ANEL COM ZIRC CRAVEJADA RODIO BRANCO - AN00152,,,,,"68,90"
473,ANEL C CORACAO CHEIO E PEDRA BANH OURO 18K - AN0033Z,,,,,"67,90"
474,ANEL C CORACAO CHEIO C PEDRA RODIO BRANCO - AN0033Z,,,,,"55,90"
475,ANEL FORMATO V DUPLO BANH OURO 18K - 2543010,,,,,"119,00"
477,ANEL 3 FIOS C ESFERAS BANH OURO 18K - 0994075,,,,,"89,90"
478,ANEL 3 FIOS C ESFERAS RODIO BRANCO - 0994075,,,,,"75,90"
479,ANEL CORACAO GD VAZADO BANH OURO 18K - 2544070,,,,,"85,90"
480,ANEL CORACAO GRANDE VAZADO RODIO BRANCO - 2544070,,,,,"72,90"
482,ANEL FALANGE C CORACAO VAZ E CHEIO RODIO BRANCO - 7740129,,,,,"39,90"
485,ANEL CORACAO VAZADO PEQ BANH OURO 18K - 2544125,,,,,"65,90"
486,ANEL CORACAO VAZADO PEQ RODIO BRANCO - 2544125,,,,,"54,90"
487,ANEL TREVO BANH OURO 18K - SAN2238,,,,,"59,90"
488,ANEL TREVO RODIO BRANCO - SAN2238,,,,,"49,90"
490,ANEL FALANGE CORACAO E PONTO LUZ - 2544163,,,,,"45,90"
491,ANEL MINI ESFERAS BANH OURO 18K - 2544182,,,,,"64,90"
492,ANEL MINI ESFERAS RODIO BRANCO - 2544182,,,,,"52,90"
493,ANEL TREVO C ZIRCONIA OURO 18K - SAN2314,,,,,"74,90"
494,ANEL TREVO C ZIRCONIA RODIO BRANCO - SAN2314,,,,,"62,90"
495,ANEL CORRENTARIA BANH OURO 18K - SAN2298,,,,,"67,90"
496,ANEL CORRENTARIA RODIO BRANCO - SAN2298,,,,,"56,90"
498,ANEL FALANGE C TRIANGULOS RODIO BRANCO - 2544047,,,,,"49,90"
499,ANEL FOLHAS TIPO FALANGE BANH OURO 18K - 2544205,,,,,"74,90"
500,ANEL FOLHAS TIPO FALANGE RODIO BRANCO - 2544205,,,,,"57,90"
501,ANEL MINIMALISTA BANH OURO 18K- 2544204,,,,,"99,00"
502,ANEL MINIMALISTA RODIO BRANCO - 2544204,,,,,"79,90"
503,ANEL FIO TORCIDO BANH OURO 18K - SAN2237,,,,,"62,90"
504,ANEL FIO TORCIDO RODIO BRANCO - SAN2237,,,,,"52,90"
506,ANEL COM ZIRCONIAS CRAVEJADAS OURO 18K - AN0121Z,,,,,"59,90"
507,ANEL COM ZIRC CRAVEJADAS RODIO BRANCO - AN0121Z,,,,,"49,90"
508,ANEL TIPO FALANGE C ZIRCONIAS BANH OURO 18K - 2544208,,,,,"69,90"
509,ANEL TIPO FALANGE RODIO BRANCO - 2544208,,,,,"59,90"
512,TRIO BRINCO ESFERAS MACICA PRATA925 - BRC0485,,,,,"89,90"
513,TORNOZELEIRA CORACAO VAZADO PRATA925 - TOR0117,,,,,"89,90"
515,TRIO BRINCOS PEROLA PRATA925 - BRC0563,,,,,"65,90"
517,BINCO EARCUFF CORACAO PRATA925 - BRC1278,,,,,"139,00"
518,BRINCO CORACAO VAZADO FIO RED PRATA925 - BRC2398,,,,,"59,90"
519,ARGOLA CLICK LISA ABAULADA M PRATA925- ARG0434,,,,,"99,00"
520,BRINCO N S APARECIDA VAZADO PRATA925 -BRC0643,,,,,"64,90"
521,BRINCO QUADRADO CRAV C PEDRA PRATA925 - BRC2253,,,,,"159,90"
522,BRINCO N S APARECIDA CRAVEJ PRATA925 - BR1562,,,,,"95,00"
523,PIERCING FAKE OVAL VAZADO PRATA925 - PRG0162,,,,,"67,90"
524,BRINCO GOTA VIRGULA PRATA925 -BRC2138,,,,,"119,00"
525,BRINCO CORACAO CHAPA LISA PRATA925 - BRC2420,,,,,"49,90"
526,BRINCO LOSANGO CRAVEJADO PRATA925 - BRC1451,,,,,"139,00"
527,BRINCO PONTO LUZ RED P8 PRATA925 - BRC269,,,,,"47,50"
528,BRINCO CORACAO BOLINHAS VAZADO PRATA925 - BRC1379,,,,,"99,00"
529,BRINCO PALITO C GOTA PRATA925 - BR0508,,,,,"99,00"
530,BRINCO PALITO PING OVAL PRATA925 - BRC1145,,,,,"104,90"
531,BRINCO PONTO LUZ ESTRELA PE6 PRATA925 - BRC0274,,,,,"42,90"
532,BRINCO PALITO PONTO LUZ RED PENDURADO PRATA925- BRC1140C,,,,,"79,90"
534,BRINCO CORACAO VAZ CRAVEJADO ZIRC PRATA925 - BRC2361,,,,,"105,90"
535,BRINCO PIZZA BORDA CRAVEJADA PRATA925 - BRC2369,,,,,"104,90"
536,BRINCO GOTA ZIRCONIA  CRISTAL5X7 PRATA925- BRC2174,,,,,"32,90"
537,BRINCO GOTA ZIRC CRIST 6X8 PRATA925- BRC2173,,,,,"39,90"
538,BRINCO CORACAO DUPLO PENDURADO PRATA925 - BRC1142,,,,,"109,50"
539,BRINCO CORACAO CRAV COLORIDO PRATA925 - BRC2390,,,,,"139,90"
540,BRINCO EAR HOOK 3 FIOS LUXO CRAVEJADO PRATA925 - BRC1533,,,,,"299,00"
541,CONJUNTO INF VENEZIANA C FLOR PRATA925 - CONJ0125 26 27,,,,,"188,90"
542,TRIO BRINCO ARGOLA CORACAO CRAVEJADO PRATA925- ARG1453,,,,,"219,90"
543,BRINCO CORACAO CRAVEJADO COLORIDO ZIRC PRATA925- BRC2410,,,,,"147,90"
545,ARGOLA CLICK LISA ABAUL PRATA925 - ARG0435,,,,,"89,90"
546,BRINCO ARGOLA C PING RED CRISTAL PRATA925- ARG1305,,,,,"239,90"
549,BRINCO ARGOLA RED LISA M PRATA925 - ARG1518M,,,,,"27,90"
552,BRINCO MEIA ARGOLA TORC LISA PRATA925 - BRC2214,,,,,"298,50"
557,BRINCO ARGOLA CLICK 3 FIL CRAVEJADO PRATA925 - ARG1398,,,,,"175,90"
558,BRINCO PONTO LUZ RED P9 PRATA925 - BRC0270,,,,,"52,90"
561,BRINCO ARGOLA CLICK LISA ABAUL 1CM PRATA925 - ARG1516,,,,,"79,90"
562,BRINCO ARGOLA 3 FIL CRAVEJADO ABAUL PRATA925 - ARG1254,,,,,"199,90"
563,BRINCO ARG CLICK 3 FIL CRAVEJ PRATA925 - ARG1146,,,,,"189,00"
564,BRINCO ARGOLA CLICK 2 FIL P ZIRC PRATA925 - ARG1247,,,,,"145,90"
567,BRINCO PALITO COM CORACAO PONTA PRATA925 - BRC0724,,,,,"99,00"
569,BRINCO PONTO LUZ RED P3 PRATA925 - BRC0264,,,,,"19,90"
571,PIERCING FAKE BOLAS TRIPLO PRATA925 - PRG0012,,,,,"82,90"
572,TORNOZELEIRA GOTA CRISTAL PRATA925 - TOR0192,,,,,"89,90"
576,TORNOZELEIRA 5 ZIRCONIAS COLORIDAS PRATA925 - TOR0204,,,,,"89,90"
577,PULSEIRA INFANTIL PLACA C CORACAO PRATA925 - PUL0880,,,,,"97,50"
578,PULSEIRA INFANTIL PLACA CORACAO E ESTRELA PRATA925- PUL0881,,,,,"97,50"
584,ANEL SOLITARIO FIO DUPLO CRAV PRATA925 - ANL1715,,,,,"129,90"
585,ANEL ABERTO CORACAO CRAVEJADO PRATA925 - ANL1673,,,,,"87,90"
586,ANEL ABAULADO LISO 3 FIL TRAB PRATA925 - ANL1686,,,,,"88,90"
589,ANEL MEIA ALIANCA FINA ZIRC PRATA925 - ANL0781,,,,,"75,90"
590,ANEL LISO C DET V CRAVEJ PRATA925 - 13042,,,,,"65,90"
592,ANEL EM V COROA COM ZIRCONIA PRATA925 - ANL0841,,,,,"79,00"
593,ANEL CORACAO VAZADO TORTO PRATA925 - ANL1553,,,,,"69,90"
597,ANEL COROA TRAB PRATA925 - ANL1401,,,,,"78,90"
599,PULSEIRA COM GOTAS COLORIDAS PRATA925 - PUL0445,,,,,"97,00"
600,PULSEIRA ELOS PORTUGUES ZIRC VERM PRATA925 - PUL1293,,,,,"95,00"
601,PULSEIRA ELOS PORTUGUES ZIRC AZUL PRATA925 - PUL 1294,,,,,"95,00"
602,PÚLSEIRA 4 ZIRCONIAS VERM ESPACADA PRATA925 - PUL1047,,,,,"95,00"
603,ANEL FORMATO V PRATA925 - ANL1606,,,,,"79,90"
604,ANEL 5 CORACAO LISO MACICO CRAV PRATA925 - ANL1678,,,,,"75,90"
606,ANEL MEIA ALIANCA C 6 ZIRC  ESPACADAS PRATA925 - ANL1648,,,,,"72,90"
607,ANEL FIO LISO PARTE FRONTAL OND C ZIRC PRATA925 -ANL1655,,,,,"57,90"
608,ANEL OVAIS C 4 ZIRC EMBUTIDAS PRATA925- ANL1352,,,,,"74,90"
609,PULSEIRA 5 ZIRC VERDE PENDURADAS PRATA925- PUL1227,,,,,"75,90"
611,PULSEIRA 2 OLHO GREGO PRATA925 - PUL1307,,,,,"99,00"
612,PULSEIRA FEMININA VENEZIANA PRATA925 - PUL1286,,,,,"69,90"
615,PULSEIRA BOLINHA DIAMANTADA PRATA925 - PUL1132,,,,,"89,00"
616,PULSEIRA 4 ZIRC OVAL PRATA925 - PUL1235,,,,,"89,90"
617,PULSEIRA ELOS 4 ZIRC RET CRISTAL PRATA925 - PUL1310,,,,,"87,90"
622,PULSEIRA INFINITO 2 OLHO GREGO PRATA925 - PUL0734,,,,,"69,90"
625,TRIO BRINCO PONTO LUZ RED CRAVACAO PRATA925 - BRC2568,,,,,"87,90"
627,TRIO BRINCO PONTO LUZ COLORS 3MM PRATA925 - BRC2454,,,,,"65,90"
629,TRIO BRINCO CORACAO GALERIA VAZADO PRATA925 - BRC0423,,,,,"129,90"
631,"BRINCO ARGOLA C TARRAXA FIO RED 1,3CM PRATA925 - ARG1560",,,,,"32,90"
632,"BRINCO ARGOLA C TARRAXA FIO RED 1,5CM PRATA925 - ARG1559",,,,,"36,90"
633,"BRINCO ARGOLA C TARRAXA FIO RED 1,8 PRATA925 - ARG1558",,,,,"39,90"
634,BRINCO PONTO LUZ RED P4MM PRATA925 - BRC2517,,,,,"24,90"
636,BRINCO GOTA ZIRCONIA CRISTAL 4X6 PRATA925 - BRC2175,,,,,"29,90"
637,BRINCO BASE BOLA CRAVEJADA C 7 VENEZIANA PRATA925 - BRC2432,,,,,"115,90"
638,BRINCO ZIRCONIA RET C 2 RIVIERA PRATA925 - BRC2435,,,,,"135,90"
639,"BRINCO ARGOLA CORACAO FIO QUAD 2X1,7CM PRATA925 - ARG1081",,,,,"29,90"
640,BRINCO ARGOLA CORACAO FIO QUAD 2.2X2.6 PRATA925- ARG1362,,,,,"39,90"
641,BRINCO ARGOLA HEXAGONAL FIO QUAD PRATA925 - ARG1541,,,,,"37,90"
642,BRINCO GOTA VAZADA GOTA LISA SUPERIOR PRATA925 - BRC2383,,,,,"45,90"
643,BRINCO ARGOLA QUAD CHAPA TRIANGULA PRATA925 - ARG1543,,,,,"37,90"
644,"BRINCO MEIO COPRACAO RENDA ITALIANA 1,6CM PRATA925- BRC2575",,,,,"115,00"
646,BRINCO ARGOLA CORACAO FIO LEVEMENTE TORCIDO PRATA925 - ARG1530,,,,,"47,90"
647,BRINCO BOLA B03 PRATA925 - BRC0289,,,,,"25,90"
648,BRINCO PONTO LUZ CORACAO PC5 PRATA925 - BRC2541,,,,,"29,90"
649,BRINCO BOLA B04 PRATA925 - BRC0290,,,,,"27,90"
650,BRINCO PONTO LUZ CORACAO PC7 PRATA925 - BRC2543,,,,,"39,90"
651,BRINCO BOLA B05 PRATA925 - BRC0291,,,,,"33,90"
652,"BRINCO ARGOLA C TARRAXA LEVEMENTE TORC 2,6CM PRATA925- ARG1555",,,,,"54,90"
653,BRINCO PIZZA CRAVEJADO CRISTAL PRATA925- BRC2426,,,,,"154,90"
654,BRINCO INFANTIL URSO PANDA ROSA PRATA925- BRC2194,,,,,"99,00"
655,BRINCO SETA 5 FILEIRAS CRAVEJADA PRATA925 - BRC2462,,,,,"135,90"
656,BRINCO RIVIERA C ZIRCONIA RETANGULAR PRATA925 - BRC2439,,,,,"159,90"
657,BRINCO PONTO LUZ CORACAO PC4 PRATA925 - BRC2540,,,,,"25,90"
658,TRIO BRINCO MEIA PEROLA PRATA925 - BRC2572,,,,,"69,90"
659,BRINCO PONTO LUZ CORACAO PC10 PRATA925 - BRC2546,,,,,"49,90"
660,BRINCO CORACAO VAZADO LATERAL TRABALHADA PRATA925 - BRC2389,,,,,"69,90"
661,BRINCO INFANTIL MORANGO VERM PRATA925 - BRC2197,,,,,"85,00"
673,BRINCO INFANTIL CORACAO RESINADO ROSA PRATA925 - BRC2149,,,,,"84,90"
746,ANEL GRIFA C 3 ZIRCONIAS PRATA925- ANL1196,,,,,"79,90"
748,ANEL CORACAO LISO VAZAD C ZIRC PRATA925- ANL1493,,,,,"75,90"
749,ANEL 2 FIOS TRANCADO EM X LISO PRATA925- ANL1574,,,,,"89,90"
750,ANEL 2 FIOS CORACAO CRAV VAZADO PRATA925 - ANL1651,,,,,"95,00"
753,ANEL LISO C ONDA CRAVEJ PRATA925- ANL1663,,,,,"89,90"
754,ANEL 5 ZIRC EMB C FIO ONDULADO PRAT925- ANL1666,,,,,"79,90"
756,ANEL COROA MINI CORACOES ARO PRATA925- ANL1669,,,,,"89,90"
759,ANEL ZIRC CRISTAL 5MM C 14 ZIRC PRATA925- ANL1683,,,,,"109,90"
782,TORNOZELEIRA ELOS ESTRELA E CORACAO PRATA925-TOR0231,,,,,"77,90"
798,CONJ BRINCO ARG MEIA TRABALHADA BANH OURO 18K- BR1093,,,,,"69,90"
805,CONJ COLAR E BRINCO PEROLA PEND BANH OURO18K-CJ00079,,,,,"159,00"
807,BRINCO BOLA MACICA 5MM BANH OURO 18K- BR00014,,,,,"39,90"
811,BRINCO PONTO LUZ RED CRISTAL PP BANH OURO 18K- BR01200,,,,,"19,90"
814,ANEL PRINCESA OVAL CRAVEJ ESMERALDA BANH OURO18K- AGF794,,,,,"99,00"
819,BRINCO ANZOL C ESFERA GD BANH OURO 18K- BS707,,,,,"67,90"
821,ANEL FE CRAVEJADO BANH OURO 18K - AGF556,,,,,"74,90"
825,ANEL LUXO EM X CRAVEJADO BANH OURO 18K- AGF982,,,,,"104,90"
844,GARGANTILHA C PING CAVALO CRAVEJ BANH OURO 18K- 844,,,,,"145,00"
845,GARGANTILHA C PING CAVALO CRAVEJ RODIO BRANCO - 844,,,,,"109,00"
846,GARGANTILHA JESUS CRAVEJADO COLOR BANH OURO 18K- GF8563,,,,,"145,00"
847,GARGANTILHA JESUS CRAVEJADO COLOR RODIO BRANCO - GF8563,,,,,"127,90"
848,GARGANTILHA PEROLAS C CORACAO BANH OURO 18K - GZ685,,,,,"239,00"
849,GARGANTILHA TERCO N S APARECIDA BANH OURO 18K- GF8910,,,,,"159,90"
850,GARGANTILHA TERCO PEROLAS BANH OURO 18K- GF18,,,,,"169,00"
851,CONJ TREVO GD ALHAMBRA  COLAR E BRINCO BANH OURO18K- GFMD295B,,,,,"159,90"
852,CONJ COLAR E BRINCO PEROLA PEND RODIO BRANCO - CJ00079,,,,,"115,90"
855,CHOKER LAMINADA 3MM BANH OURO 18K - L239,,,,,"159,90"
856,CHOKER LAMINA 3MM RODIO BRANCO - L239,,,,,"115,90"
858,CHOKER LAMINA 2MM RODIO BRANCO - L 573,,,,,"89,90"
859,CHOKER COM TREVOS PEROLAS BANH OURO 18K- CKN00373,,,,,"169,90"
861,CHOKER LAMINADA C PING ORGANICO BANH OURO 18K- CL02107,,,,,"179,90"
862,CHOKER LAMINADA C PING ORGANICO RODIO BRANCO - CL02107,,,,,"145,90"
863,CONJUNTO COLAR E BRINCO LACO LISO BANH OURO 18K- GF8994,,,,,"159,90"
864,CONJUNTO COLAR E BRINCO LACO LISO RODIO BRANCO- GF8994,,,,,"129,90"
865,CONJUNTO COLAR  E BRINCO GOTA PEROLA BANH OURO 18K- GFMD315,,,,,"189,00"
866,CONJUNTO COLAR E BRINCO GOTA PEROLA RODIO BRANCO- GFMD315,,,,,"154,90"
867,BRINCO ORGANICO LACO GRANDE BANH OURO 18K- BR08795,,,,,"89,90"
868,BRINCO ORGANICO LACO GRANDE RODIO BRANCO - BR0895,,,,,"79,90"
869,CONJUNTO COLAR E BRINCO CORACAO VAZ GD BANH OURO 18K- GF9074,,,,,"189,00"
870,CONJUNTO COLAR E BRINCO CORACAO VAZ GD RODIO BRANCO- GF9074,,,,,"149,90"
871,CONJUNTO BRINCO E COLAR FLOR C ZIRC BANHO OURO 18K- GF8967,,,,,"189,90"
872,CONJUNTO BRINCO E COLAR FLOR C ZIRC RODIO BRANCO - GF8967,,,,,"159,00"
873,CONJUNTO COLAR E BRINCO QUAD C MICRO ZIRC BANH OURO 18K- GF8735,,,,,"199,90"
874,CONJUNTO COLAR E BRINCO QUAD C MICRO ZIRC RODIO BRANCO- GF8735,,,,,"179,90"
875,CONJUNTO COLAR E BRINCO CORACAO CRAVEJADO BANH OURO18K- GF8804,,,,,"199,00"
876,CONJUNTO COLAR E BRINCO CORACAO CRAVEJADO RODIO BRANCO- GF8804,,,,,"174,90"
877,CONJUNTO COLAR E BRINCO RED C MICRO ZIRC BANH OURO 18K- GF8736,,,,,"199,00"
878,CONJUNTO COLAR E BRINCO RED C MICRO ZIRC RODIO BRANCO- GF8736,,,,,"175,90"
879,CONJUNTO COLAR E BRINCO CORACAO ROSA BANH OURO 18K- GFCJ03,,,,,"199,90"
880,CONJUNTO COLAR E BRINCO CORACAO ROSA RODIO BRANCO- GFCJ03,,,,,"179,00"
881,CONJUNTO COL E BRI GOTA SAFIRA C MICRO ZIRC BANH OURO18K- GF8737,,,,,"199,00"
882,CONJUNTO COL E BRI GOTA SAFIRA C MICRO ZIRC RODIO BRANCO- GF8737,,,,,"169,90"
887,BRINCO GOTA PEROLA 19X8MM BASE BANH OURO 18K - GFBR847,,,,,"69,90"
888,BRINCO GOTA PEROLA 16X7MM BASE RODIO BRANCO- GFBR837,,,,,"55,90"
889,BRINCO EAR CUFF ELOS PEDRAS VIDRO COLOR BANH OURO18K-GFBR605 VD,,,,,"129,90"
890,BRINCO EAR CUFF ELOS PEDRA VIDRO COL RODIO BRANCO- GFBR605 VID,,,,,"99,90"
896,BRINCO ORGANICO MODINHA MEDIO BANH OURO 18K- BR08577,,,,,"79,90"
900,BRINCO ORGANICO GRANDE LISO ABERTO BANH OURO 18K- BR08576,,,,,"115,00"
902,BRINCO ORGANICO GRANDE LISO FECHADO BANH OURO 18K- BR08575,,,,,"129,00"
904,BRINCO ARGOLINHA CRAVEJADO MEIO BANH OURO 18K- BR7969,,,,,"99,00"
905,BRINCO ARGOLINHA CRAVEJADO NO MEIO RODIO BRANCO- BR7969,,,,,"84,90"
908,BRINCO FESTA PALITOS PRETO BANH OURO 18K - BZ606,,,,,"129,90"
909,BRINCO EAR CUFF PED PALITO COLOR BANH OURO 18K - BZ551M,,,,,"99,00"
910,BRINCO EAR CUFF PED PALITO COLOR RODIO BRANCO - BZ551M,,,,,"82,90"
931,BRINCO GOTA TORTA PP BANH OURO 18K- BR08309,,,,,"29,90"
935,BRINCO LUXO COM ZIRCONIAS COLOR BANH OURO 18K - BR7080,,,,,"139,90"
938,BRINCO ARGOLA ABERTA MEDIA TRABALHADA BANH OURO 18K - BR04156,,,,,"59,90"
940,BRINCO GOTA TORTA MED RODIO BRANCO - BR08341,,,,,"45,90"
941,BRINCO GOTA CHAPA CHEIA LISA GRANDE BANH OURO 18K- BR07918,,,,,"114,90"
943,BRINCO EAR CUFF TRABALHADO BANH OURO 18K - BR08484,,,,,"89,90"
944,BRINCO EAR CUFF TRABALHADO RODIO BRANCO - BR08484,,,,,"79,90"
945,BRINCO ARGOLA MED LARGA MEIO JATEADO BANH OURO 18K- BR06197,,,,,"69,90"
946,BRINCO ARGOLA MED LARGA MEIO JATEADO RODIO BRANCO- BR06197,,,,,"54,90"
947,CONJUNTO COLAR E BRINCO GOTA COLOR BANH OURO 18K- CJ00114,,,,,"139,90"
948,CONJUNTO COLAR E BRINCO GOTA COLOR RODIO BRANCO - CJ00114,,,,,"99,90"
949,CONJUNTO COL E BRI CORACAO C MICRO ZIRC BANH OURO18K- CJ00054,,,,,"189,00"
950,CONJUNTO COL E BRI CORACAO C MICRO ZIRC RODIO BRANCO- CJ00054,,,,,"159,00"
951,CONJUNTO COL E BRI FLOR COM GOTA BANH OURO 18K- GF9127,,,,,"209,90"
952,CONJUNTO COL E BRINCO RED CRAVEJADO BANH OURO - GF9016,,,,,"198,00"
953,CONJUNTO COL E BRI RED CRAVEJADO RODIO BRANCO- GF9016,,,,,"169,00"
954,CONJUNTO COL E BRI GOTA FIO TORC C ZIRC BANH OURO 18K - GF8983,,,,,"189,00"
955,CONJUNTO COL E BRI GOTA FIO TORC C ZIRC RODIO BRANCO- GF8983,,,,,"145,90"
956,CONJUNTO COL E BRI REDONDO ZIRC CRAVEJADO BANH OURO 18K- GF8661,,,,,"169,00"
957,CONJUNTO COL E BRI REDONDO ZIRC CRAVEJADO RODIO BRANCO- GF8661,,,,,"139,90"
958,CONJUNTO COLAR E BRINCO GOTA GRANDE BANHADO OURO18K- GFCJ13,,,,,"199,00"
959,CONJUNTO COLAR E BRINCO GOTA GRANDE RODIO BRANCO -GFCJ13,,,,,"169,00"
960,BRINCO ESPÍRITO SANTO BANH OURO 18K - BR01935,,,,,"49,90"
961,BRINCO ESPIRITO SANTO RODIO BRANCO - BR01935,,,,,"39,90"
962,BRINCO ARGOLA TORCIDA CRAVEJADA BANH OURO 18K - GFBR700,,,,,"145,00"
963,BRINCO ARGOLA TORCIDA CRAVEJADA RODIO BRANCO - GFBR700,,,,,"129,90"
964,BRINCO ARGOLA DUPLA TRAB E CRAVEJADA BANH OURO 18K- BRX487,,,,,"124,90"
965,BRINCO ARGOLA DUPLA TRAB E CRAVEJADA RODIO BRANCO- BRX487,,,,,"109,90"
966,BRINCO ARGOLA  ARTICULADO LISO G BANH OURO 18K - BRX226G,,,,,"78,90"
971,BRINCO CRUZ COM PEDRAS STRASS BANH OURO 18K- BR4352,,,,,"64,90"
990,CONJUNTO COL E BRI CORACAO ZIRC CRISTAL BANH OURO 18K-CJ00082,,,,,"165,90"
997,BRINCO PEROLA GG BASE BANH OURO 18K- BIMP12,,,,,"59,90"
1054,ANEL FININHO QUADRADO BANH OURO 18K -2544B29,,,,,"49,90"
1055,ANEL PONTO LUZ LUXO CRAVEJADO BANH OURO 18K- ANP071,,,,,"99,00"
1065,PIERCING FAKE CRAVEJ E PALITOS BANH OURO 18K- BRX130,,,,,"65,90"
1066,PIERCING FAKE CRAVEJ E PALITOS RODIO BRANCO- BRX130,,,,,"59,90"
1067,TRIO BRINCO ARGOLINHA CRAVEJADAS BANH OURO 18K-BR08696,,,,,"159,00"
1068,TRIO BRINCO ARGOLINHA CRAVEJADA RODIO BRANCO -BR08696,,,,,"145,00"
1071,TRIO BRINCO ARGOLINHA CRAVEJADA BANH OURO 18K- BR08673,,,,,"159,00"
1072,TRIO BRINCO ARGOLINHA CRAVEJADA RODIO BRANCO -BR08673,,,,,"145,00"
1073,TRIO BRINCO ARG LISA REDONDA ARTICULAD BANH OURO 18K- BRX675,,,,,"149,90"
1074,TRIO BRINCO ARG LISA REDONDA ARTICULAD RODIO BRANCO- BRX675,,,,,"139,90"
1077,TRIO BRINCOS GRAVACAO INGLESA BANH OURO 18K- BRX301,,,,,"189,90"
1078,TRIO BRINCOS GRAVACAO INGLESA RODIO BRANCO- BRX301,,,,,"175,00"
1079,TRIO BRINCO CORACAO LISO BANH OURO 18K- BRX95,,,,,"169,00"
1080,TRIO BRINCO CORACAO LISO RODIO BRANCO- BRX95,,,,,"155,00"
1083,TRIO BRINCO CORACAO CRISTAL BANH OURO 18K- BR06315,,,,,"95,00"
1087,TRIO BRINCO QUADRADO CRISTAL BANH OURO 18K-BR06317,,,,,"69,90"
1088,TRIO BRINCO QUADRADO CRISTAL RODIO BRANCO- BR06317,,,,,"59,90"
1089,BRINCO CORACAO PONTO LUZ GG BANH OURO 18K- BR05540,,,,,"69,90"
1090,BRINCO CORACAO PONTO LUZ GG RODIO BRANCO- BR05540,,,,,"59,90"
1091,BRINCO PONTO LUZ QUADRADO ZIRC GG BANH OURO 18K- BR01193,,,,,"59,90"
1092,BRINCO PONTO LUZ QUADRADO ZIRC GG RODIO BRANCO - BR01193,,,,,"49,90"
1093,BRINCO PONTO LUZ REDONDO GG BANH OURO 18K- BR01206,,,,,"49,90"
1094,BRINCO PONTO LUZ REDONDO GG RODIO BRANCO- BR01206,,,,,"39,90"
1096,BRINCO PONTO LUZ RED M RODIO BRANCO- BR01211 P,,,,,"19,90"
1097,BRINCO PONTO LUZ C GARRA GG BANH OURO 18K- BR01213,,,,,"59,90"
1099,BRINCO PONTO LUZ GOTA GD BANH OURO 18K- BR01268,,,,,"52,90"
1100,BRINCO PONTO LUZ GOTA GD RODIO BRANCO - BR01268,,,,,"44,90"
1101,BRINCO PONTO LUZ QUADRADO PEQ BANH OURO 18K- BR01210,,,,,"23,90"
1102,BRINCO PONTO LUZ QUADRADO PEQ RODIO BRANCO - BR01210,,,,,"19,90"
1103,BRINCO PONTO LUZ GOTA MED BANH OURO 18K- BR08783,,,,,"45,90"
1104,BRINCO PONTO LUZ GOTA  MED RODIO BRANCO - BR08783,,,,,"37,90"
1105,BRINCO PONTO LUZ CORACAO GD C GARRA BANH OURO 18K - BR08924,,,,,"45,90"
1106,BRINCOPONTO LUZ CORACAO GD C GARRA RODIO BRANCO- BR08924,,,,,"39,90"
1107,BRINCO CORACAO PÓNTO LUZ MED C GARRA BANH OURO 18K- BR08926,,,,,"29,90"
1108,BRINCO PONTO LUZ MED C GARRA RODIO BRANCO- BR08926,,,,,"26,90"
1109,BRINCO PONTO LUZ RED CRISTAL RODIO BRANCO - BR01189,,,,,"19,90"
1112,BRINCO LUXO FESTA C ESFERAS E PEDRAS BANH OURO 18K- 1112,,,,,"94,00"
1113,BRINCO LUXO FESTA C ESFERAS E PEDRAS RODIO BRANCO- 1112,,,,,"85,00"
1114,PULSEIRA INF C CORACOES E PEDRAS BANH OURO 18K- PL00748,,,,,"89,90"
1115,PULSEIRA INF C CORACOES E PEDRAS RODIO BRANCO- PL00748,,,,,"74,90"
1116,PULSEIRA INF CORACAO VAZADO BANH OURO 18K- PL00897,,,,,"42,90"
1117,PULSEIRA INF CORACOES VAZADO RODIO BRANCO - PL00897,,,,,"34,90"
1118,PULSEIRA CORRENTARIA BANH OURO 18K- PL04764,,,,,"59,90"
1119,PULSEIRA CORRENTARIA RODIO BRANCO - PL04764,,,,,"45,90"
1123,PULSEIRA ELOS C ZIRCONIAS BANH OURO 18K- PL04181,,,,,"89,90"
1124,PULSEIRA ELOS C ZIRCONIAS RODIO BRANCO - PL04181,,,,,"74,90"
1125,PULSEIRA CORACAO VAZADO GD E PEQ BANH OURO 18K- PL04541,,,,,"85,90"
1126,PULSEIRA CORACAO VAZAD GD E PEQ RODIO BRANCO- PL04541,,,,,"75,90"
1127,PULSEIRA CORACAO VAZADO C CORACAO ZIRC BANH OURO 18K- PL02719,,,,,"79,90"
1128,PULSEIRA CORACAO VAZADO C CORACAO ZIRC RODIO BRANCO- PL02719,,,,,"69,90"
1130,TORNOZELEIRA C PIING CORACAO C PEDRA BANH OURO 18K- TR00793,,,,,"72,90"
1131,PULSEIRA ELOS GOTA TRABALHADO BANH OURO 18K- PL00498,,,,,"79,90"
1132,TORNOZELEIRA C PING CORACAO C PEDRA RODIO BRANCO- -TR00793,,,,,"65,90"
1137,TORNOZELEIRA CORACAO VAZADO PEQ BANH OURO 18K- TR00019,,,,,"59,90"
1138,TORNOZELEIRA CORACAO VAZADO PEQ RODIO BRANCO- TR00019,,,,,"57,90"
1140,PULSEIRA INF BOLINHAS RODIO BRANCO - PUL PP,,,,,"49,90"
1141,PULSEIRA C ZIRCONIAS E CORACAO CENTRAL BANH OURO 18K- PL03204,,,,,"109,90"
1142,PULSEIRA C ZIRCONIAS E CORACAO CENTRAL RODIO BRANCO- PL03204,,,,,"89,90"
1143,TORNOZELEIRA ELOS PEQUENOS BANH OURO 18K - TR00815,,,,,"69,90"
1144,TORNOZELEIRA ELOS PEQUENO RODIO BRANCO TR00815,,,,,"59,90"
1145,PULSEIRA INF C PING BORBOLETA ZIRCONIAS BANH OURO 18K- PL03840,,,,,"69,90"
1146,PULSEIRA INF C PING BORBOLETA ZIRCONIAS RODIO BRANCO- PL03840,,,,,"59,90"
1147,PULSEIRA TERCO COM BOLAS 3.5MM BANH OURO 18K- GF07,,,,,"89,90"
1148,PULSEIRA TERCO C N S APARECIDA BANH OURO 18K- GF1240,,,,,"95,00"
1151,TORNOZELEIRA DUPLA C CORACAO VAZADO BANH OURO 18K- TR00756,,,,,"84,90"
1152,TORNOZELEIRA DUPLA C CORACAO VAZADO RODIO BRANCO- TR00756,,,,,"75,90"
1153,TORNOZELEIRA ESCAMA DE PEIXE BANH OURO 18K - TR00383,,,,,"109,90"
1154,TORNOZELEIRA ESCAMA DE PEIXE RODIO BRANCO - TR00383,,,,,"89,90"
1155,PULSEIRA COM ZIRCONIAS MEDIA BANH OURO 18K - PL1950,,,,,"124,90"
1157,TORNOZELEIRA BUZIOS PED CRISTAL BANH OURO 18K- GF3196,,,,,"95,00"
1158,TONOZELEIRA BUZIOS PED CRISTAL RODIO BRANCO- GF3196,,,,,"82,90"
1159,TORNOZELEIRA INDIANA C PINGENTE BANH OURO 18K- TR00107,,,,,"62,90"
1160,TORNOZELEIRA INDIANA C PINGENTE RODIO BRANCO- TR00107,,,,,"56,90"
1161,PULSEIRA INF COM PEROLAS PEQ BANH OURO 18K- PL04356,,,,,"44,90"
1162,PULSEIRA INF COM PEROLAS PEQ RODIO BRANCO - PL04356,,,,,"37,90"
1252,ANEL MEIA ALIANCA  CRISTAL 15 ZIRC PRATA925-ANL1619,,,,,"84,90"
1253,ANEL 8 ELOS RETANG ROSA PRATA925-ANL1794,,,,,"109,90"
1254,ANEL 8 ELOS RETANG VERDE PRATA925-ANL1792,,,,,"109,90"
1285,ANEL COROA LINHA FINA CRAVEJADO BANH OURO 18K- AGF724,,,,,"109,90"
1288,ANEL LUXO CRAVEJADO BANH OURO 18K- AGF1008,,,,,"79,90"
1289,ANEL CRAVEJADO PONTO LUZ BANH OURO18K- AGF895,,,,,"87,90"
1290,ANEL CORACAO CRAVEJADO VAZADO BANH OURO18K- AGF1068,,,,,"75,90"
1291,ANEL APARADOR CRAVEJADO BANH OURO 18K- AGF389,,,,,"79,90"
1292,ANEL APARADOR C ZIRCONIAS BANH OURO 18K- AGF628,,,,,"99,00"
1293,ANEL CORACAO VAZADO C NAVETES BANH OURO 18K- AGF800,,,,,"89,90"
1304,ANEL QUADRADO C CORACAO E ZIRC PRATA925 -ANB28856,,,,,"99,90"
1305,ANEL MEIA ALIANCA CRAVEJADA CRISTAL PRATA925- AN523,,,,,"89,90"
1306,ANEL CRISTAL REDONDO C ZIRC AZUL PRATA925-AN6787,,,,,"149,90"
1309,"BRINCO REDONDO ORGANICO 2,1CM PRATA925- BR1182",,,,,"179,90"
1406,ANEL VAZADO COM TREVOS BANH OURO 18K-AGF1143,,,,,"89,90"
1407,ANEL CORACAO ESMERALDA CRAVEJ  BANH OURO18K-AGF792,,,,,"99,00"
1408,BRINCO ARG C GOTA CRISTAL BANH OURO 18K-AR421,,,,,"56,90"
1416,BRINCO BANH OURO 18K C ZIRCONIAS E CORACAO - BR6688,,,,,"79,90"
1417,BRINCO MALHA BANH OURO 18K COM CORACAO CRISTAL- BR06498,,,,,"65,90"
1418,BRINCO CORACOES VAZADOS BANH OURO 18K E PEDRAS -BR1390,,,,,"69,90"
1420,BRINCO GRANDE MODINHA BANH OURO 18K - BR8251,,,,,"45,90"
1423,BRINCO FLOR LUXO BANH OURO 18K COM PEDRAS - BR1108,,,,,"54,90"
1425,BRINCO ESTRELA BANH OURO 18K COM PEDRA CRISTAL -BR0758,,,,,"44,90"
1427,BRINCO ORGANICO MEDIO LUXO BANH OURO 18K- BR8393,,,,,"99,00"
1430,BRINCO BASE TORCIDA BANH OURO 18K COM PEROLA- BR06452,,,,,"33,90"
1434,BRINCO REDONDO BANH OURO 18K COM MINI ZIRCONIAS - BZ60,,,,,"59,90"
1436,BRINCO GOTA TORTA BANH OURO 18K - BA828,,,,,"34,90"
1438,BRINCO ARGOLA FRONTAL TORCIDA BANH OURO 18K C GOTA- 12902,,,,,"69,90"
1443,BRINCO CIRCULOS PENDURADOS BANH OURO 18K- EB65,,,,,"74,90"
1447,BRINCO ARGOLA C PINGENTE CRUZ BANH OURO 18K E PEDRA- EB720,,,,,"49,90"
1448,BRINCO PEROLA MED BASE BANH OURO 18K- BR02143,,,,,"14,90"
1454,BRINCO GOTA RASA MEDIA TORTA  BANH OURO 18K- BR08306,,,,,"39,90"
1456,BRINCO QUADRADO PEQ BANH OURO 18K C ZIRCONIAS - BZ01,,,,,"47,90"
1457,BRINCO ESTRELA G BASE BANH OURO 18K PEDRA CRISTAL  -BR01202,,,,,"39,90"
1458,BRINCO CORACAO FINO PQ BANH OURO 18K - B521 P,,,,,"25,90"
1463,TRIO BRINCO CORACAO COLORIDO BASE BANH OURO 18K- BR1035,,,,,"82,90"
1473,CONUNTO BRINCO CORACAO TRABALHADO BANH OURO 18K -BR6597,,,,,"48,90"
1474,TRIO BRINCOS ARGOLA LARGA BANH OURO 18K- BRS296,,,,,"159,00"
1475,TRIO BRINCOS ARGOLA COM PEDRAS - BRP177,,,,,"149,90"
1476,TRIO BRINCO ARGOLA MEDIA LISA BANH OURO 18K- BRS236,,,,,"129,00"
1479,BRINCO TREVO PRETO PENDURADO BANH OURO 18K-BR08388,,,,,"79,90"
1481,BRINCO MEIA ARG CRAVEJADO ZIRC BANH OURO 18K - BF014,,,,,"89,90"
1487,CONJUNTO BRINCO CORACAO VAZADO BANH OURO 18K- BR6297,,,,,"32,90"
1492,BRINCO PALITO BANH OURO 18K C PONTO LUZ CRISTAL - BR01706,,,,,"57,90"
1499,BRINCO ARGOLA OVAL DUPLA BANH OURO 18K - B021611599,,,,,"78,50"
1521,TRIO BRINCO ARGOLA LISA BANH OURO 18K - B514,,,,,"74,90"
1534,BRINCO FIO ZRIOCNIAS BASE BANH OURO 18K MED -BR06470,,,,,"24,90"
1536,BRINCO ARGOLINHA C ESTRELA CRISTAL PEQ BANH OURO 18K- BR04458,,,,,"49,90"
1539,BRINCO FIO ZIRCONIAS C BASE BANH OURO 18K- 13509,,,,,"27,90"
1541,BRINCO ARGOLINHA C PEDRA C GARRAS BANH OURO 18K- BR05337,,,,,"49,90"
1542,BRINCO ARGOLA BANH OURO 18K C ZIRCONIA RED 6MM -GFBR220,,,,,"54,90"
1543,BRINCO ARGOLINHA BASE BANH OURO 18 C GOTA ZIRCONIA G -13517,,,,,"59,90"
1544,ANEL MICRO C ZIRCONIAS C PEDRA 5MM BANH OURO 18K- AGF1047,,,,,"109,90"
1554,GARGANTILHA FILHA MULTICOR BANH OURO 18K - DZ8027,,,,,"149,00"
,,,,,